            {
                "weightsInputToHidden": [
                    -3.003646351311871,3.236105877180486
,-3.0333528957651867,3.140161305245261
                ],
                "weightsHiddenToOutput": [
                    -8.892347451060383
,3.8031829145077185
                ]
            }