{"inputToHidden":[[-3.1571353688212014,3.04330142192215],[-3.1332170332514524,3.073981618054484]],"hiddenToOutput":[[-9.226186480419521],[3.900841236990659]]}