{"inputToHidden":[[3.07734858173436,-3.1265113740190014],[2.7657967862066033,-3.2466062238327646]],"hiddenToOutput":[[3.8998471651384534],[-9.209956323727763]]}