            {
                "weightsInputToHidden": [
                    3.1501708593271918,-3.106009758058723,
2.909523466100005,-3.163901689504304
                ],
                "weightsHiddenToOutput": [
                    3.8800895551171637,
-9.151779403656167
                ]
            }
